Scenario,Axis,Controller,MoveRMSE,MoveMaxErr,Overshoot,SettleTime_s,EffortRMS,Jitter,DisturbancePeak,RecoveryTime_s,Unit
Nominal,R,A: PID,5.66970692746247,8.82883911452546,4.33913132436192,Inf,1.7962165933114,0.196702461311178,8.55058931148966,Inf,mm
Nominal,R,B: PID+FF,0.0162918905120583,0.0272198447131728,0.00610433824567735,0,1.57823943329587,0.196353208456805,8.30382952940147,Inf,mm
Nominal,R,C: PID+FF tuned,0.00316374626584162,0.00978917158158765,0.00682875289447793,0,1.58068732573949,0.210849759051669,0.447372198071662,0.386886886886887,mm
Nominal,R,D: C + payload FF,0.00316374626584162,0.00978917158158765,0.00682875289447793,0,1.58068732573949,0.210849759051669,0.447372198071662,0.386886886886887,mm
Nominal,Theta,A: PID,0.466542391916665,0.683095785069339,0.289090012590705,0.244244244244244,1.05381610731674,0.59658681611445,0.298425925168971,Inf,deg
Nominal,Theta,B: PID+FF,0.0016521646823189,0.00365125974380054,0.00198206537258727,0,1.0276297429017,0.596582074861393,0.295306413408767,Inf,deg
Nominal,Theta,C: PID+FF tuned,0.00138231245213207,0.00317321097617906,0.00315486842283974,0,0.843349316964396,0.201474877518588,0.0656910245656661,0.434934934934935,deg
Nominal,Theta,D: C + payload FF,0.00138231245213207,0.00317321097617906,0.00315486842283974,0,0.843349316964396,0.201474877518588,0.0656910245656661,0.434934934934935,deg
Nominal,Z,A: PID,2.2168736377892,3.44484957388539,1.61490145241859,0.498498498498499,0.729991932650162,0.192769875281003,4.9745916081387,Inf,mm
Nominal,Z,B: PID+FF,0.00604787255162247,0.0107118045328036,0.00334785394261417,0,0.664573261689371,0.192838835794083,5.02219570780619,Inf,mm
Nominal,Z,C: PID+FF tuned,0.0030170131459922,0.0100257717187446,0.00430953928963618,0,0.658064860382045,0.168482900518296,0.363193296677679,0.360860860860861,mm
Nominal,Z,D: C + payload FF,0.0030170131459922,0.0100257717187446,0.00430953928963618,0,0.658064860382045,0.168482900518296,0.00717189903619442,0,mm
Mismatch +20%,R,A: PID,6.97066356499735,10.8234064180487,5.55875866174762,Inf,2.204881047295,0.196897661253033,9.06033624589753,Inf,mm
Mismatch +20%,R,B: PID+FF,1.15936290698338,1.72439274382546,0.889669014328945,Inf,1.93327146972892,0.196267997988627,8.62169032999924,Inf,mm
Mismatch +20%,R,C: PID+FF tuned,0.0451286156260052,0.0708420858832852,0,0,1.88884003947459,0.210010699749867,0.46542577157669,0.382882882882883,mm
Mismatch +20%,R,D: C + payload FF,0.0451286156260052,0.0708420858832852,0,0,1.88884003947459,0.210010699749867,0.46542577157669,0.382882882882883,mm
Mismatch +20%,Theta,A: PID,0.563115988311366,0.822148974287874,0.356391004615972,0.37037037037037,1.20023636451266,0.595454411818374,0.306114054531747,Inf,deg
Mismatch +20%,Theta,B: PID+FF,0.0935867479073657,0.133253069473284,0.0576941254699506,0.108108108108108,1.16640911071129,0.595450180355709,0.303028538935578,Inf,deg
Mismatch +20%,Theta,C: PID+FF tuned,0.0135301927086055,0.021801357090121,0,0.192192192192192,1.00200338078385,0.200330105639509,0.0682703865844729,0.434934934934935,deg
Mismatch +20%,Theta,D: C + payload FF,0.0135301927086055,0.021801357090121,0,0.192192192192192,1.00200338078385,0.200330105639509,0.0682703865844729,0.434934934934935,deg
Mismatch +20%,Z,A: PID,24.7754652126425,35.9545135712318,0,Inf,8.12610921562126,0.192610043393723,26.8712113905744,Inf,mm
Mismatch +20%,Z,B: PID+FF,24.310425712456,32.9531047644576,0,Inf,8.1330589245239,0.192673743760861,26.9673394790038,Inf,mm
Mismatch +20%,Z,C: PID+FF tuned,0.689173387104857,2.33780474995038,0,0,8.00794040566001,0.167695868686434,0.377813567908476,0.352852852852853,mm
Mismatch +20%,Z,D: C + payload FF,0.689173387104857,2.33780474995038,0,0,8.00794040566001,0.167695868686434,0.00731547732726767,0,mm
